{"vers": "1.1", "time": 2019, "atoms": [{"id": 24, "type": 17, "x": 17.9622, "y": 0.0, "z": -3.4878, "rot": [0.3947986364364624, 0.0, -0.9187676906585693, 0.0], "vx": -0.0, "vy": 0.0, "vz": -0.0006, "q": -2.2300000190734863, "m": 32, "r": 14, "fixed": false, "nodes": [{"q": 0.0, "spin": 1.0}]}, {"id": 23, "type": 11, "x": -17.9622, "y": 0.0, "z": 3.4879, "rot": [0.9981593489646912, 0.0, -0.060645416378974915, 0.0], "vx": 0.0, "vy": 0.0, "vz": 0.0008, "q": 2.2300000190734863, "m": 23, "r": 27, "fixed": false, "nodes": [{"q": 0.0, "spin": -1.0}]}]}