{"vers": "1.0", "time": 131, "atoms": [{"id": 11, "type": 4, "x": 481.6672, "y": 499.4544, "z": 509.6241, "rot": [0.8657152652740479, 0.0008477222872897983, 0.5005377531051636, -0.0012630900600925088], "vx": -0.0333, "vy": -0.1158, "vz": 0.1009, "q": 0.0, "m": 12, "r": 10}, {"id": 12, "type": 1, "x": 495.7225, "y": 499.4284, "z": 518.3713, "rot": [0.25849077105522156, -0.00012459882418625057, 0.96601402759552, -3.335371729917824e-05], "vx": -0.2765, "vy": 0.4039, "vz": -0.5018, "q": 1.0, "m": 1, "r": 6}, {"id": 13, "type": 1, "x": 481.5257, "y": 500.89, "z": 493.4435, "rot": [-0.00011825156980194151, 0.7053739428520203, -0.0001175018260255456, 0.7088361978530884], "vx": 0.2088, "vy": 0.373, "vz": -0.0216, "q": 1.0, "m": 1, "r": 6}, {"id": 14, "type": 2, "x": 470.5003, "y": 500.5079, "z": 510.0455, "rot": [0.8672974109649658, 7.428886601701379e-05, -3.2690786611055955e-05, -0.49779027700424194], "vx": 0.0436, "vy": 0.0393, "vz": -0.0179, "q": -2.0, "m": 16, "r": 8}]}