{"vers": "1.0", "time": 115, "atoms": [{"id": 6, "type": 4, "x": 450.02, "y": 451.403, "z": 540.8877, "rot": [0.9793792366981506, 0.15909267961978912, -0.10516493767499924, 0.0665532723069191], "vx": 0.0525, "vy": 0.0326, "vz": -0.0551, "q": 4.0, "m": 12, "r": 10}, {"id": 7, "type": 2, "x": 457.4744, "y": 450.842, "z": 547.2091, "rot": [0.5437834858894348, -0.4817987382411957, 0.36371612548828125, 0.5829648375511169], "vx": 0.0139, "vy": 0.0102, "vz": -0.016, "q": -2.0, "m": 16, "r": 8}, {"id": 8, "type": 2, "x": 442.7907, "y": 452.7439, "z": 532.7536, "rot": [0.03930364549160004, -0.833784282207489, -0.4555462598800659, -0.30945470929145813], "vx": 0.0177, "vy": 0.0195, "vz": -0.0219, "q": -2.0, "m": 16, "r": 8}]}