{"vers": "1.0", "time": 59, "atoms": [{"id": 1, "type": 1, "x": 481.8996, "y": 501.1642, "z": 500.0, "rot": [0.9995567202568054, 0.0, 0.0, -0.029765278100967407], "vx": -0.3829, "vy": 0.0398, "vz": 0.0, "q": 0.0, "m": 1, "r": 6}, {"id": 2, "type": 1, "x": 494.1004, "y": 499.8358, "z": 500.0, "rot": [-0.07823662459850311, 0.0, 0.0, -0.9969348907470703], "vx": 0.3829, "vy": -0.0398, "vz": 0.0, "q": 0.0, "m": 1, "r": 6}]}