{"vers": "1.0", "time": 128, "atoms": [{"id": 1, "type": 2, "x": 525.002, "y": 499.9123, "z": 500.0, "rot": [0.9999862909317017, 0.0, 0.0, -0.005408155731856823], "vx": -0.0009, "vy": 0.0209, "vz": 0.0, "q": -2.0, "m": 16, "r": 8}, {"id": 2, "type": 1, "x": 539.3025, "y": 499.7388, "z": 500.0, "rot": [-0.007543073035776615, 0.0, 0.0, -0.9999721050262451], "vx": -0.082, "vy": -0.0, "vz": 0.0, "q": 1.0, "m": 1, "r": 6}, {"id": 3, "type": 1, "x": 519.6652, "y": 513.6644, "z": 500.0, "rot": [0.8656404614448547, 0.0, 0.0, -0.5006680488586426], "vx": 0.0963, "vy": -0.3338, "vz": 0.0, "q": 1.0, "m": 1, "r": 6}]}