{"vers": "1.1", "time": 1214, "atoms": [{"id": 63, "type": 16, "color": [0.5137254901960784, 0.807843137254902, 0.5372549019607843, 1.0], "x": 756.9427, "y": 595.8465, "z": 500.0, "rot": [0.9966613054275513, 0.0, 0.0, 0.08164678514003754], "vx": -0.0113, "vy": 0.1102, "vz": 0.0, "q": -0.17538456618785858, "m": 32, "r": 18, "fixed": false, "nodes": [{"q": 0.0, "spin": 1.0}, {"q": 0.0, "spin": 1.0}]}, {"id": 64, "type": 1, "color": [0.0, 0.0, 1.0, 1.0], "x": 780.153, "y": 599.3179, "z": 500.0, "rot": [0.07701648026704788, 0.0, 0.0, -0.9970298409461975], "vx": -0.0503, "vy": 0.0885, "vz": 0.0, "q": 0.08769228309392929, "m": 1, "r": 6, "fixed": false, "nodes": [{"q": 0.0, "spin": -1.0}]}, {"id": 65, "type": 1, "color": [0.0, 0.0, 1.0, 1.0], "x": 752.097, "y": 619.5446, "z": 500.0, "rot": [0.77378910779953, 0.0, 0.0, -0.6334432363510132], "vx": 0.0651, "vy": -0.1509, "vz": 0.0, "q": 0.08769228309392929, "m": 1, "r": 6, "fixed": false, "nodes": [{"q": 0.0, "spin": -1.0}]}]}