{"vers": "1.0", "time": 854, "atoms": [{"id": 1, "type": 6, "x": 524.9811, "y": 500.0048, "z": 500.0, "rot": [0.9999969601631165, 0.0, 0.0, -0.0024886743631213903], "vx": 0.0001, "vy": -0.0012, "vz": 0.0, "q": 0, "m": 32, "r": 12, "nodes": [{"q": -1.0}, {"q": -1.0}]}, {"id": 2, "type": 1, "x": 542.8986, "y": 501.1517, "z": 500.0, "rot": [-0.07399529963731766, 0.0, 0.0, 0.9972586035728455], "vx": -0.1283, "vy": 0.128, "vz": 0.0, "q": 0, "m": 1, "r": 6, "nodes": [{"q": 1.0}]}, {"id": 3, "type": 1, "x": 523.7216, "y": 517.6899, "z": 500.0, "rot": [-0.765619158744812, 0.0, 0.0, 0.6432940363883972], "vx": 0.1253, "vy": -0.0886, "vz": 0.0, "q": 0, "m": 1, "r": 6, "nodes": [{"q": 1.0}]}]}