{"vers": "1.1", "time": 6019, "atoms": [{"id": 13, "type": 1, "x": 5.8075, "y": 1.742, "z": 3.4839, "rot": [0.8149739503860474, -1.3523947473004228e-06, 0.5183172821998596, -0.25916144251823425], "vx": 0.0375, "vy": 0.0046, "vz": 0.0093, "q": 0.9600000381469727, "m": 1, "r": 6, "fixed": false, "nodes": [{"q": 0.0, "spin": -1.0}]}, {"id": 12, "type": 17, "x": -5.8075, "y": -1.742, "z": -3.4839, "rot": [0.9968725442886353, -1.2282968420151974e-08, -0.07068312168121338, 0.035341355949640274], "vx": 0.0, "vy": -0.0001, "vz": -0.0003, "q": -0.9600000381469727, "m": 32, "r": 14, "fixed": false, "nodes": [{"q": 0.0, "spin": 1.0}]}]}