{"vers": "1.1", "time": 284, "atoms": [{"id": 9, "type": 1, "color": [0.0, 0.0, 1.0, 1.0], "x": 762.9978, "y": 500.6438, "z": 501.2867, "rot": [0.2637224495410919, 6.101711278461153e-07, 0.8627619743347168, -0.4313843250274658], "vx": 0.0043, "vy": 0.0034, "vz": 0.0069, "q": 0.24000002443790436, "m": 1, "r": 6, "fixed": false, "nodes": [{"q": 0.0, "spin": 1.0}]}, {"id": 10, "type": 17, "color": [0.6509803921568628, 0.8, 0.09411764705882353, 1.0], "x": 743.9681, "y": 498.2925, "z": 496.5844, "rot": [0.9967858791351318, -1.1009072764522898e-08, -0.07165462523698807, 0.03582709655165672], "vx": -0.0001, "vy": -0.0001, "vz": -0.0002, "q": -0.24000002443790436, "m": 32, "r": 14, "fixed": false, "nodes": [{"q": 0.0, "spin": -1.0}]}]}