{"vers": "1.0", "time": 64, "atoms": [{"id": 7, "type": 3, "x": 499.043, "y": 460.6797, "z": 500.0, "rot": [-0.7545582056045532, 0.0, 0.0, -0.6562341451644897], "vx": -0.0237, "vy": -0.0445, "vz": 0.0, "q": -3.0, "m": 14, "r": 9}, {"id": 8, "type": 1, "x": 511.7216, "y": 451.0563, "z": 500.0, "rot": [-0.3451653718948364, 0.0, 0.0, -0.9385428428649902], "vx": 0.2508, "vy": 0.2927, "vz": 0.0, "q": 1.0, "m": 1, "r": 6}, {"id": 9, "type": 1, "x": 503.1259, "y": 475.0793, "z": 500.0, "rot": [0.5163486003875732, 0.0, 0.0, -0.8563799262046814], "vx": 0.1923, "vy": -0.0025, "vz": 0.0, "q": 1.0, "m": 1, "r": 6}, {"id": 10, "type": 1, "x": 485.6144, "y": 453.6228, "z": 500.0, "rot": [-0.9451534152030945, 0.0, 0.0, -0.3266294300556183], "vx": -0.112, "vy": 0.3467, "vz": 0.0, "q": 1.0, "m": 1, "r": 6}]}