{"vers": "1.0", "time": 762, "atoms": [{"id": 1, "type": 2, "x": 411.8615, "y": 222.2553, "z": 500.0, "rot": [0.9990949034690857, 0.0, 0.0, 0.042578332126140594], "vx": -0.0525, "vy": -0.1408, "vz": 0.0, "q": 0.0, "m": 16, "r": 8}, {"id": 2, "type": 2, "x": 417.5957, "y": 231.8511, "z": 500.0, "rot": [-0.047483451664447784, 0.0, 0.0, 0.998874306678772], "vx": 0.0963, "vy": 0.1605, "vz": 0.0, "q": 0.0, "m": 16, "r": 8}]}