{"vers": "1.0", "time": -1, "atoms": [{"id": 1, "type": 2, "x": 524.9965, "y": 499.985, "z": 500.0, "rot": [1.0, 0.0, 0.0, 6.7442051658872515e-06], "vx": -0.0018, "vy": -0.0064, "vz": 0.0, "q": 0, "m": 16, "r": 8, "nodes": [{"q": -1.0}, {"q": -1.0}]}, {"id": 2, "type": 1, "x": 539.0641, "y": 500.2387, "z": 500.0, "rot": [0.034683097153902054, 0.0, 0.0, -0.9993983507156372], "vx": 0.0293, "vy": 0.1022, "vz": 0.0, "q": 0, "m": 1, "r": 6, "nodes": [{"q": 1.0}]}]}