{"vers": "1.1", "time": 184866, "atoms": [{"id": 6057, "type": 1, "color": [0.0, 0.0, 1.0, 1.0], "x": 0.0, "y": 0.0, "z": 0.0, "rot": [0.5878323912620544, 0.7464522123336792, -0.29726943373680115, 0.09430313110351562], "vx": 0.0012, "vy": 0.0015, "vz": -0.0119, "q": 2.0, "m": 1, "r": 6, "fixed": false, "nodes": [{"q": 1.0, "spin": 0.0}]}]}